Residue,IF_Score_1,IF_Score_2,IF_Score_3,IF_Score_4,IF_Score_5,IF_Score_6,IF_Score_7,IF_Score_8,IF_Score_9,IF_Score_10
21,-2.182,0.04,-0.381,-0.12,-0.257,-0.191,-0.279,-3.303,-2.616,
22,-2.982,-0.142,-1.717,-2.813,-0.916,-1.033,-0.948,-5.689,-3.448,
23,-5.256,-2.02,-2.905,-3.04,-3.684,-2.322,-3.926,-7.207,-5.683,
24,-5.266,-2.024,-2.991,-2.95,-4.303,-2.355,-4.014,-8.164,-5.738,
25,-5.725,-2.098,-3.652,-3.16,-5.059,-2.69,-4.815,-10.977,-5.734,
26,-9.266,-2.963,-7.216,-5.974,-6.26,-3.049,-8.494,-11.311,-8.674,
27,-9.231,-3.006,-7.259,-6.31,-6.352,-3.156,-8.542,-10.047,-8.714,
28,-8.294,-3.015,-7.309,-6.311,-6.477,-3.149,-8.583,-9.507,-8.62,
29,-11.692,-4.59,-7.131,-9.501,-10.081,-5.665,-9.991,-7.892,-11.26,
30,-11.58,-4.197,-7.072,-8.742,-10.09,-5.955,-10.019,-7.86,-11.24,
31,-10.463,-4.234,-7.035,-8.596,-9.732,-5.694,-9.599,-6.997,-9.842,-2.924
32,-9.398,-4.047,-5.074,-5.362,-8.552,-4.407,-8.141,-3.827,-9.509,-2.857
33,-8.127,-3.342,-3.718,-5.266,-8.381,-4.087,-8.648,-3.309,-7.663,-2.775
34,-8.021,-3.395,-3.584,-5.409,-8.353,-4.084,-8.542,-1.042,-7.54,-2.815
35,-7.104,-3.294,-2.568,-4.993,-7.269,-3.564,-7.338,-0.158,-7.175,-2.789
36,-4.006,-2.334,0.404,-2.071,-7.307,-3.431,-4.296,-0.107,-4.466,-1.226
37,-3.94,-2.303,0.404,-2.086,-7.322,-3.421,-4.276,-0.107,-4.379,-1.22
38,-3.847,-2.267,0.404,-2.014,-7.143,-3.36,-4.231,-0.027,-4.308,-1.214
39,,-0.649,0.557,1.435,-2.956,-0.345,-2.837,,0.01,0.258
40,,-0.99,0.677,0.71,-2.652,0.057,-2.756,,0.01,0.344
41,,-0.97,0.677,0.71,-2.551,-0.009,-2.756,,0.01,0.346
42,,-0.949,0.677,0.726,-2.366,0.126,-2.706,,0.01,0.349
79,,,,,,,,-0.027,,
80,,,,,,,,-0.027,,
81,,,,,,,,-0.027,,
82,,,,,,,,-0.027,,
83,,0.232,0.037,0.661,0.134,-0.248,-0.011,-0.027,0.031,0.029
84,,0.18,0.037,0.63,0.134,-0.291,-0.011,,0.018,0.029
85,,0.051,0.026,0.612,0.059,-0.342,-0.133,,-0.292,0.029
86,,0.051,0.026,0.612,0.059,-0.342,-0.133,,-0.291,0.029
87,,0.038,0.026,0.612,0.059,-0.339,-0.133,,-0.294,0.029
88,,-1.541,0.24,-0.999,-0.264,-1.494,-1.34,,-0.429,0.035
89,-1.186,-1.775,0.148,-1.018,-0.318,-1.512,-1.489,,-0.879,0.035
90,-1.175,-1.806,0.148,-1.039,-0.318,-1.544,-1.529,,-0.893,0.035
91,-0.973,-2.784,-2.328,-2.5,-2.019,-1.509,-3.535,,-0.903,0.006
92,-2.793,-4.125,-3.914,-4.482,-2.686,-2.747,-4.748,,-2.216,0.003
93,-3.29,-4.448,-4.176,-4.777,-2.907,-2.929,-4.917,,-2.445,-0.02
94,-3.192,-4.858,-4.194,-4.734,-2.939,-2.851,-4.949,-0.109,-2.436,-0.02
95,-3.535,-4.516,-5.332,-5.188,-3.181,-3.658,-5.002,-0.165,-2.483,-0.651
96,-3.644,-7.07,-6.405,-5.101,-4.131,-3.43,-5.33,-0.601,-4.146,-0.657
97,-3.553,-7.149,-6.419,-5.084,-4.11,-3.39,-5.28,-0.611,-4.143,-0.657
98,-3.031,-5.481,-6.536,-3.453,-3.832,-2.284,-4.065,-0.735,-3.736,-0.663
99,-3.106,-5.465,-6.481,-3.453,-3.738,-2.284,-4.038,-0.622,-3.572,-0.663
100,-3.091,-5.268,-6.442,-3.426,-3.696,-2.271,-3.969,-0.622,-3.559,-0.663
101,-2.312,-3.866,-3.222,-1.423,-1.339,-1.198,-0.96,-0.622,-3.425,-0.655
102,-1.197,-2.9,-2.139,-0.426,-1.302,-0.674,-0.678,-0.592,-1.998,-0.637
103,-1.109,-2.906,-2.205,-0.422,-1.253,-0.674,-0.656,-0.556,-1.977,-0.637
104,-0.951,-2.079,-1.752,-0.316,-1.253,-0.634,-0.621,-0.556,-1.902,-0.632
105,-0.197,-2.148,-0.073,0.059,-0.887,0.197,-0.472,-0.475,-1.208,0.018
106,-0.07,-0.075,-0.027,,-0.032,,-0.025,-0.035,,
107,-0.07,-0.035,-0.011,,-0.032,,-0.025,-0.035,,
108,-0.019,,-0.011,,,,,,,
109,-0.019,,-0.011,,,,,,,
110,-0.019,,-0.011,,,,,,,
111,-0.019,,-0.011,,,,,,,
112,-0.019,,-0.011,,,,,,,
113,-0.019,,-0.011,,,,,,,
114,,,-0.011,,,,,,,
138,,,,,,,,-0.03,,
139,,,,,,,,-0.03,,
140,,,,,,,,-0.03,,
141,,,,,,,,-0.03,,
142,,,,,,,,-0.03,,
